pump,stages,vdd,freq_mhz,load,vout,ripple_mv
injection,2,3.3,1.0,none,9.301,3.5
injection,2,3.3,1.0,10M,8.62,49.5
injection,2,3.3,10.0,none,9.195,6.8
injection,2,3.3,10.0,10M,8.958,5.0
injection,2,5.0,1.0,none,14.267,4.0
injection,2,5.0,1.0,10M,13.348,86.9
injection,2,5.0,10.0,none,14.237,6.1
injection,2,5.0,10.0,10M,13.982,7.7
tunneling,3,3.3,1.0,none,12.349,4.8
tunneling,3,3.3,1.0,10M,11.164,65.5
tunneling,3,3.3,10.0,none,12.2,9.8
tunneling,3,3.3,10.0,10M,11.884,6.1
tunneling,3,5.0,1.0,none,18.944,4.3
tunneling,3,5.0,1.0,10M,17.274,112.3
tunneling,3,5.0,10.0,none,18.91,8.1
tunneling,3,5.0,10.0,10M,18.557,9.6
hv,4,3.3,1.0,none,15.391,6.9
hv,4,3.3,1.0,10M,13.571,81.1
hv,4,3.3,10.0,none,15.188,13.6
hv,4,3.3,10.0,10M,14.793,7.3
hv,4,5.0,1.0,none,23.633,5.4
hv,4,5.0,1.0,10M,20.996,136.7
hv,4,5.0,10.0,none,23.574,11.1
hv,4,5.0,10.0,10M,23.105,11.7
